{"train_losses": [0.7306118607521057, 0.3017056047916412, 0.15641835182905198, 0.09540651440620422, 0.07295753881335258, 0.06487726382911205, 0.05506824366748333, 0.05695215202867985, 0.052062250301241876, 0.04224151596426964], "val_losses": [0.3629123568534851, 0.15215172866980234, 0.09319764375686646, 0.07850188761949539, 0.07614671501020591, 0.07164905158181985, 0.06159405348201593, 0.056022582575678825, 0.052862089748183884, 0.05159335024654865], "best_loss": 0.05159335024654865, "best_epoch": 10}